EMAIL,  NAME,  LAST_NAME,  TEL,  CITY, PASSWORD
Abramov.I@company.io,  Ivan,  Abramov,  7776514,  Moscow, 7#No^JgVZP9Li
Nikolaev.A@company.io,  Alexey,  Nikolaev,  1348520,  Moscow, -Y0n)E6pC3i8I
Shapar.M@company.io,  Marina,  Shapar,  1111110,  Moscow, X%eRm59c5Z)e0
Vasilyev.D@company.io,  Dmitriy,  Vasilyev,  0000000,  Kazan, u3W12+l2!(Z*x
Grigoryan.A@company.io,  Anastasiya,  Grigoryan,  1928421,  Ekaterinburg, ZKb3$*k8G*9+8
Lisitsyn.A@company.io,  Alexey,  Lisitsyn,  1239532,  Tver, 6@&1d5&#KKS0V
Abramova.D@company.io,  Dariya,  Abramova,  7163908,  Moscow, v775(2Sl#qA&&
Kostina.N@company.io,  Nataliya,  Kostina,  9031433,  Moscow, O6bP+q8j)9*98
Ermolin.N@company.io,  Nikolay,  Ermolin,  8539233,  St.Petersburg, !uI9nHsM5)8d&
Solovovo.V@company.io,  Vladimir,  Solovovo,  4758395,  St.Petersburg, 25#Iyd9BQy)3+
Ivanov.V@company.io,  Vladimir,  Ivanov,  4827594,  Novosibirsk, I(Q62G&cT1L@o
Nikolaev.S@company.io,  Sergey,  Nikolaev,  1294375,  Sarov, EfBQ7l3!eAt7(
Ivanov.I@company.io,  Ivan,  Ivanov,  8532354,  Kazan, OI%u+3vH9UR^5
Semenov.K@company.io,  Konstantin,  Semenov,  8532286,  Moscow, HdcOX2w$%7Yh$
Smirnov.G@company.io,  Grigoriy,  Smirnov,  3249235,  Kaliningrad, 7tU82^U)3U*$5
Lashko.A@company.io,  Alexandr,  Lashko,  9548324,  St.Petersburg, dTUa$Ua&8j%^+
Edger.O@company.io,  Oksana,  Edger,  8548433,  Kostroma, eQ310jw1yY(&c
Bogomolova.O@company.io,  Olga,  Bogomolova,  8953253,  Moscow, TAy0k-E!x5Z)M
Strizh.E@company.io,  Evgeniy,  Strizh,  1123313,  Krasnodar, a4+Sv7B54896@
Volskaya.P@company.io,  Polina,  Volskaya,  1394542,  Vladimir, 3o##PvB38^5mW
Malinin.F@company.io,  Fedor,  Malinin,  9453223,  Moscow, 2^R&hSN@jGlc0
Pahomova.O@company.io,  Olga,  Pahomova,  8543231,  Moscow, WKG!iQ5cu@!H9
Bogdanov.S@company.io,  Stepan,  Bogdanov,  4564624,  St.Petersburg, EPqq2!5JBo-04
Sobolev.I@company.io,  Ivan,  Sobolev,  2350223,  Kirov, 2ClSBWcxlC4N-
Orlova.K@company.io,  Kristina,  Orlova,  1342349,  Talnakh, $3Lq4i@Al+nS7
Ermolin.A@company.io,  Alexandr,  Ermolin,  2345234,  Mozhaysk, @Ov)1AJ%21rT2
Vasilevskaya.E@company.io,  Ekaterina,  Vasilevskaya,  9583573,  Moscow, tTb-228ygQHv+
Koroleva.T@company.io,  Tatiana,  Koroleva,  8674532,  Vidnoe, m!41TCz31tq@f
Moskvina.E@company.io,  Elena,  Moskvina,  7584294,  Moscow, 294*cNoMfV%5L
Sinev.M@company.io,  Mikhail,  Sinev,  5964353,  St.Petersburg, 38Q+M)iUOuW3(
Boshich.A@company.io,  Anastasiya,  Boshich,  9654534,  Omsk, 3wl8#1$^GK9mV
Kapustina.S@company.io,  Svetlana,  Kapustina,  9476353,  Moscow, A$9sfzn&FLLVm
Nikolaev.B@company.io,  Boris,  Nikolaev,  9583583,  Moscow, (J8^k5W@rK7ts
Bogatyreva.O@company.io,  Oksana,  Bogatyreva,  8537572,  Krasnodar, D*9*$C^uy5XO4
Bogatyreva.Ok@company.io,  Oksana,  Bogatyreva,  8743565,  St.Petersburg, cSq*AAP+P&1nf
Bogatyreva.Oks@company.io,  Oksana,  Bogatyreva,  1234194,  Yaroslavl, XdB13M2)yDZz6
